{
    "camera_angle_x": 0.6911111611634243,
    "camera_lens": 50,
    "sensor_width": 36,
    "env_texture": "null",
    "bbox_size": [
        0.9999999403953552,
        0.9819711446762085,
        0.6328409314155579
    ],
    "scaling_factor": 1.1001767657094983,
    "mesh_offset": [
        0.05010315775871277,
        0.15872730314731598,
        -0.025315016508102417
    ],
    "transforms": [
        [
            [
                -4.371138828673793e-08,
                -0.42261824011802673,
                0.9063078165054321,
                1.9356920719146729
            ],
            [
                1.0,
                -2.7304908556402552e-08,
                3.549769544974879e-08,
                0.0
            ],
            [
                9.744677953449354e-09,
                0.9063078165054321,
                0.42261824011802673,
                0.9026280641555786
            ],
            [
                0.0,
                0.0,
                0.0,
                1.0
            ]
        ],
        [
            [
                -0.7071069478988647,
                -0.4545194208621979,
                0.5416750311851501,
                1.1569099426269531
            ],
            [
                0.7071065902709961,
                -0.4545195400714874,
                0.5416753888130188,
                1.1569099426269531
            ],
            [
                -1.0541629080762505e-07,
                0.7660444378852844,
                0.6427876353263855,
                1.3728656768798828
            ],
            [
                0.0,
                0.0,
                0.0,
                1.0
            ]
        ],
        [
            [
                -1.0,
                1.3562208778239437e-07,
                -1.0336380995568106e-07,
                1.1852696143562955e-16
            ],
            [
                -1.5099580252808664e-07,
                -0.42261824011802673,
                0.9063078165054321,
                1.9356920719146729
            ],
            [
                7.923192413272773e-08,
                0.9063078165054321,
                0.42261824011802673,
                0.9026280641555786
            ],
            [
                0.0,
                0.0,
                0.0,
                1.0
            ]
        ],
        [
            [
                -0.7071069478988647,
                0.4545194208621979,
                -0.5416750311851501,
                -1.1569099426269531
            ],
            [
                -0.7071065902709961,
                -0.4545195400714874,
                0.5416753888130188,
                1.1569099426269531
            ],
            [
                1.0541629080762505e-07,
                0.7660444378852844,
                0.6427876353263855,
                1.3728656768798828
            ],
            [
                0.0,
                0.0,
                0.0,
                1.0
            ]
        ],
        [
            [
                -4.371138828673793e-08,
                0.42261824011802673,
                -0.9063078165054321,
                -1.9356920719146729
            ],
            [
                -1.0,
                4.595852587385707e-08,
                6.966099164174011e-08,
                2.370539228712591e-16
            ],
            [
                7.109257893489485e-08,
                0.9063078165054321,
                0.42261824011802673,
                0.9026280641555786
            ],
            [
                0.0,
                0.0,
                0.0,
                1.0
            ]
        ],
        [
            [
                0.7071065902709961,
                0.45451948046684265,
                -0.5416754484176636,
                -1.1569099426269531
            ],
            [
                -0.7071069478988647,
                0.45451921224594116,
                -0.5416752099990845,
                -1.1569099426269531
            ],
            [
                -1.2953758954381556e-08,
                0.7660446166992188,
                0.6427873969078064,
                1.3728656768798828
            ],
            [
                0.0,
                0.0,
                0.0,
                1.0
            ]
        ],
        [
            [
                1.0,
                7.763369304984963e-17,
                -1.6648604631850684e-16,
                -3.5558085783710905e-16
            ],
            [
                -1.8369701465288538e-16,
                0.42261824011802673,
                -0.9063078165054321,
                -1.9356920719146729
            ],
            [
                1.7111497439511055e-23,
                0.9063078165054321,
                0.42261824011802673,
                0.9026280641555786
            ],
            [
                0.0,
                0.0,
                0.0,
                1.0
            ]
        ],
        [
            [
                0.7071065902709961,
                -0.45451948046684265,
                0.5416754484176636,
                1.1569099426269531
            ],
            [
                0.7071069478988647,
                0.45451921224594116,
                -0.5416752099990845,
                -1.1569099426269531
            ],
            [
                1.2953758954381556e-08,
                0.7660446166992188,
                0.6427873969078064,
                1.3728656768798828
            ],
            [
                0.0,
                0.0,
                0.0,
                1.0
            ]
        ],
        [
            [
                -4.371138828673793e-08,
                0.4226183295249939,
                0.9063077569007874,
                1.9356920719146729
            ],
            [
                1.0,
                -4.595852232114339e-08,
                6.966099874716747e-08,
                0.0
            ],
            [
                7.109257893489485e-08,
                0.9063077569007874,
                -0.4226183295249939,
                -0.9026280641555786
            ],
            [
                0.0,
                0.0,
                0.0,
                1.0
            ]
        ],
        [
            [
                -0.7071067690849304,
                0.4545194208621979,
                0.5416752696037292,
                1.1569099426269531
            ],
            [
                0.7071067690849304,
                0.4545195698738098,
                0.5416751503944397,
                1.1569099426269531
            ],
            [
                -1.369543980445087e-07,
                0.7660444378852844,
                -0.6427876353263855,
                -1.3728656768798828
            ],
            [
                0.0,
                0.0,
                0.0,
                1.0
            ]
        ],
        [
            [
                -1.0,
                1.5246291695802938e-07,
                -3.032871376262847e-08,
                1.1852696143562955e-16
            ],
            [
                3.6946463666254203e-08,
                0.42261824011802673,
                0.9063078165054321,
                1.9356920719146729
            ],
            [
                1.5099580252808664e-07,
                0.9063078165054321,
                -0.42261824011802673,
                -0.9026280641555786
            ],
            [
                0.0,
                0.0,
                0.0,
                1.0
            ]
        ],
        [
            [
                -0.7071067690849304,
                -0.4545194208621979,
                -0.5416752696037292,
                -1.1569099426269531
            ],
            [
                -0.7071067690849304,
                0.4545195698738098,
                0.5416751503944397,
                1.1569099426269531
            ],
            [
